{"cameraMode":{"drawMode":0,"name":"Shaded","section":"Shading Mode"},"sceneLighting":false,"audioPlay":false,"sceneViewState":{"m_AlwaysRefresh":false,"showFog":true,"showSkybox":false,"showFlares":true,"showImageEffects":true,"showParticleSystems":true,"showVisualEffectGraphs":true,"m_FxEnabled":true},"in2DMode":false,"pivot":{"x":0.5093320608139038,"y":-0.23246151208877564,"z":-0.2888827919960022},"rotation":{"x":0.11024848371744156,"y":0.8660435676574707,"z":-0.2191208302974701,"w":0.4357607662677765},"size":0.9815465807914734,"orthographic":false}