{"cameraMode":{"drawMode":0,"name":"Shaded","section":"Shading Mode"},"sceneLighting":false,"audioPlay":false,"sceneViewState":{"m_AlwaysRefresh":false,"showFog":true,"showSkybox":false,"showFlares":true,"showImageEffects":true,"showParticleSystems":true,"showVisualEffectGraphs":true,"m_FxEnabled":true},"in2DMode":false,"pivot":{"x":-0.25130385160446169,"y":-0.5018117427825928,"z":0.7369840741157532},"rotation":{"x":-0.2895011007785797,"y":-0.25204232335090639,"z":0.07920651882886887,"w":-0.9201015830039978},"size":0.7146498560905457,"orthographic":false}