{"cameraMode":{"drawMode":0,"name":"Shaded","section":"Shading Mode"},"sceneLighting":false,"audioPlay":false,"sceneViewState":{"m_AlwaysRefresh":false,"showFog":true,"showSkybox":true,"showFlares":true,"showImageEffects":true,"showParticleSystems":true,"showVisualEffectGraphs":true,"m_FxEnabled":true},"in2DMode":false,"pivot":{"x":-6.095154285430908,"y":-205.03561401367188,"z":-10.757087707519532},"rotation":{"x":-0.5892340540885925,"y":-0.018904048949480058,"z":0.013792210258543492,"w":-0.8076244592666626},"size":128.0929718017578,"orthographic":false}