{"cameraMode":{"drawMode":0,"name":"Shaded","section":"Shading Mode"},"sceneLighting":false,"audioPlay":false,"sceneViewState":{"m_AlwaysRefresh":false,"showFog":true,"showSkybox":false,"showFlares":true,"showImageEffects":true,"showParticleSystems":true,"showVisualEffectGraphs":true,"m_FxEnabled":true},"in2DMode":false,"pivot":{"x":2.1909706592559816,"y":0.2745903432369232,"z":1.641392707824707},"rotation":{"x":-0.09476501494646073,"y":-0.16941872239112855,"z":0.016357751563191415,"w":-0.9808919429779053},"size":1.1949360370635987,"orthographic":false}