{"cameraMode":{"drawMode":0,"name":"Shaded","section":"Shading Mode"},"sceneLighting":false,"audioPlay":false,"sceneViewState":{"m_AlwaysRefresh":false,"showFog":true,"showSkybox":false,"showFlares":true,"showImageEffects":true,"showParticleSystems":true,"showVisualEffectGraphs":true,"m_FxEnabled":true},"in2DMode":false,"pivot":{"x":0.21027114987373353,"y":0.09528414905071259,"z":0.7694264054298401},"rotation":{"x":-0.2846256494522095,"y":0.5497573018074036,"z":-0.2082427740097046,"w":-0.7576262950897217},"size":0.3252332806587219,"orthographic":false}