{"cameraMode":{"drawMode":0,"name":"Shaded","section":"Shading Mode"},"sceneLighting":false,"audioPlay":false,"sceneViewState":{"m_AlwaysRefresh":false,"showFog":false,"showSkybox":false,"showFlares":false,"showImageEffects":false,"showParticleSystems":false,"showVisualEffectGraphs":true,"m_FxEnabled":true},"in2DMode":false,"pivot":{"x":-0.00009590387344360352,"y":0.8072789907455444,"z":0.07532685995101929},"rotation":{"x":0.05362294614315033,"y":-0.9355361461639404,"z":0.30840280652046206,"w":0.16502417623996736},"size":0.7070726752281189,"orthographic":false}