{"cameraMode":{"drawMode":0,"name":"Shaded","section":"Shading Mode"},"sceneLighting":false,"audioPlay":false,"sceneViewState":{"m_AlwaysRefresh":false,"showFog":true,"showSkybox":false,"showFlares":true,"showImageEffects":true,"showParticleSystems":true,"showVisualEffectGraphs":true,"m_FxEnabled":true},"in2DMode":false,"pivot":{"x":-2.2351741790771486e-8,"y":0.2820362150669098,"z":2.9802322387695315e-8},"rotation":{"x":-0.3845820724964142,"y":0.27751466631889346,"z":-0.12391634285449982,"w":-0.8719711303710938},"size":0.2834731340408325,"orthographic":false}