{"cameraMode":{"drawMode":0,"name":"Shaded","section":"Shading Mode"},"sceneLighting":false,"audioPlay":false,"sceneViewState":{"m_AlwaysRefresh":false,"showFog":true,"showSkybox":false,"showFlares":true,"showImageEffects":true,"showParticleSystems":true,"showVisualEffectGraphs":true,"m_FxEnabled":true},"in2DMode":false,"pivot":{"x":-0.0329001247882843,"y":0.05386023223400116,"z":-0.01238781213760376},"rotation":{"x":-0.18579895794391633,"y":0.6510623693466187,"z":-0.1689353585243225,"w":-0.716417670249939},"size":0.23714309930801392,"orthographic":false}