{"cameraMode":{"drawMode":0,"name":"Shaded","section":"Shading Mode"},"sceneLighting":false,"audioPlay":false,"sceneViewState":{"m_AlwaysRefresh":false,"showFog":true,"showSkybox":false,"showFlares":true,"showImageEffects":true,"showParticleSystems":true,"showVisualEffectGraphs":true,"m_FxEnabled":true},"in2DMode":false,"pivot":{"x":0.07565388083457947,"y":0.03881433606147766,"z":0.4965474009513855},"rotation":{"x":-0.2226235419511795,"y":-0.4075835645198822,"z":0.10302279889583588,"w":-0.879716157913208},"size":0.6339789628982544,"orthographic":false}