{"cameraMode":{"drawMode":0,"name":"Shaded","section":"Shading Mode"},"sceneLighting":false,"audioPlay":false,"sceneViewState":{"m_AlwaysRefresh":false,"showFog":true,"showSkybox":false,"showFlares":true,"showImageEffects":true,"showParticleSystems":true,"showVisualEffectGraphs":true,"m_FxEnabled":true},"in2DMode":false,"pivot":{"x":-0.7762050628662109,"y":-0.061834096908569339,"z":-0.8869528770446777},"rotation":{"x":-0.2846256494522095,"y":0.5497573018074036,"z":-0.2082427740097046,"w":-0.7576262950897217},"size":2.1333115100860597,"orthographic":false}