{"cameraMode":{"drawMode":0,"name":"Shaded","section":"Shading Mode"},"sceneLighting":false,"audioPlay":false,"sceneViewState":{"m_AlwaysRefresh":false,"showFog":true,"showSkybox":false,"showFlares":true,"showImageEffects":true,"showParticleSystems":true,"showVisualEffectGraphs":true,"m_FxEnabled":true},"in2DMode":false,"pivot":{"x":-0.1255548596382141,"y":1.31737220287323,"z":-0.6392478346824646},"rotation":{"x":0.09682531654834748,"y":0.9039163589477539,"z":-0.26897451281547549,"w":0.31923171877861025},"size":0.2721443176269531,"orthographic":false}