{"cameraMode":{"drawMode":0,"name":"Shaded","section":"Shading Mode"},"sceneLighting":false,"audioPlay":false,"sceneViewState":{"m_AlwaysRefresh":false,"showFog":true,"showSkybox":false,"showFlares":true,"showImageEffects":true,"showParticleSystems":true,"showVisualEffectGraphs":true,"m_FxEnabled":true},"in2DMode":false,"pivot":{"x":-0.21010944247245789,"y":0.23354384303092957,"z":0.8608583211898804},"rotation":{"x":0.02473539486527443,"y":-0.9566459655761719,"z":0.27751201391220095,"w":0.08645978569984436},"size":0.6384896039962769,"orthographic":false}