{"cameraMode":{"drawMode":0,"name":"Shaded","section":"Shading Mode"},"sceneLighting":false,"audioPlay":false,"sceneViewState":{"m_AlwaysRefresh":false,"showFog":true,"showSkybox":false,"showFlares":true,"showImageEffects":true,"showParticleSystems":true,"showVisualEffectGraphs":true,"m_FxEnabled":true},"in2DMode":false,"pivot":{"x":0.015591546893119812,"y":0.36195287108421328,"z":0.11310163140296936},"rotation":{"x":-0.07907971739768982,"y":-0.9101128578186035,"z":0.3522414267063141,"w":-0.2038971483707428},"size":0.8092874884605408,"orthographic":false}