{"cameraMode":{"drawMode":0,"name":"Shaded","section":"Shading Mode"},"sceneLighting":false,"audioPlay":false,"sceneViewState":{"m_AlwaysRefresh":false,"showFog":true,"showSkybox":false,"showFlares":true,"showImageEffects":true,"showParticleSystems":true,"showVisualEffectGraphs":true,"m_FxEnabled":true},"in2DMode":false,"pivot":{"x":0.06279021501541138,"y":0.15016323328018189,"z":0.19387057423591615},"rotation":{"x":-0.10050997138023377,"y":-0.5022745132446289,"z":0.05709356442093849,"w":-0.8573022484779358},"size":0.33730679750442507,"orthographic":false}