{"cameraMode":{"drawMode":0,"name":"Shaded","section":"Shading Mode"},"sceneLighting":false,"audioPlay":false,"sceneViewState":{"m_AlwaysRefresh":false,"showFog":true,"showSkybox":false,"showFlares":true,"showImageEffects":true,"showParticleSystems":true,"showVisualEffectGraphs":true,"m_FxEnabled":true},"in2DMode":false,"pivot":{"x":0.10167157649993897,"y":0.12499997019767761,"z":0.4116119146347046},"rotation":{"x":-0.3845820724964142,"y":0.27751466631889346,"z":-0.12391634285449982,"w":-0.8719711303710938},"size":0.8705677390098572,"orthographic":false}