{"cameraMode":{"drawMode":0,"name":"Shaded","section":"Shading Mode"},"sceneLighting":false,"audioPlay":false,"sceneViewState":{"m_AlwaysRefresh":false,"showFog":true,"showSkybox":false,"showFlares":true,"showImageEffects":true,"showParticleSystems":true,"showVisualEffectGraphs":true,"m_FxEnabled":true},"in2DMode":false,"pivot":{"x":-0.5480535626411438,"y":0.19094711542129517,"z":1.2045806646347047},"rotation":{"x":-0.13353867828845979,"y":-0.20251630246639253,"z":0.027777602896094323,"w":-0.9698357582092285},"size":1.1660254001617432,"orthographic":false}