{"cameraMode":{"drawMode":0,"name":"Shaded","section":"Shading Mode"},"sceneLighting":false,"audioPlay":false,"sceneViewState":{"m_AlwaysRefresh":false,"showFog":true,"showSkybox":false,"showFlares":true,"showImageEffects":true,"showParticleSystems":true,"showVisualEffectGraphs":true,"m_FxEnabled":true},"in2DMode":false,"pivot":{"x":0.03955599665641785,"y":0.24827724695205689,"z":0.3047722578048706},"rotation":{"x":-0.2804001271724701,"y":-0.12802298367023469,"z":0.037695929408073428,"w":-0.9506673812866211},"size":0.8660253882408142,"orthographic":false}