{"cameraMode":{"drawMode":0,"name":"Shaded","section":"Shading Mode"},"sceneLighting":false,"audioPlay":false,"sceneViewState":{"m_AlwaysRefresh":false,"showFog":true,"showSkybox":false,"showFlares":true,"showImageEffects":true,"showParticleSystems":true,"showVisualEffectGraphs":true,"m_FxEnabled":true},"in2DMode":false,"pivot":{"x":-0.004546046257019043,"y":0.22572240233421327,"z":0.0027084946632385256},"rotation":{"x":-0.2466968446969986,"y":0.6519154906272888,"z":-0.24008648097515107,"w":-0.6761293411254883},"size":0.4293525815010071,"orthographic":false}